<?xml version="1.0" encoding="UTF-8"?>
<ConflictAndDeletedManifest>
<Resource><Path>\\.\C:\Bread-Makers File\UserHomes\Eve\New Text Document.txt</Path><Uid>{B2811D2C-C808-4611-A236-B8A39F25F44C}-v69</Uid><Gvsn>{B2811D2C-C808-4611-A236-B8A39F25F44C}-v69</Gvsn><PartnerGuid>{B0E5A5BE-79BA-47DB-BFA3-9B517CD7D9F4}</PartnerGuid><Attributes>20</Attributes><NewName>New Text Document-{B2811D2C-C808-4611-A236-B8A39F25F44C}-v69.txt</NewName><Time>GMT 2025:5:29-11:23:9</Time><Type><FileDelete/></Type><Files>1</Files><Size>0</Size></Resource>
<Resource><Path>\\.\C:\Bread-Makers File\Bake Department\Recipe\New Text Document.txt</Path><Uid>{B2811D2C-C808-4611-A236-B8A39F25F44C}-v71</Uid><Gvsn>{B2811D2C-C808-4611-A236-B8A39F25F44C}-v72</Gvsn><PartnerGuid>{B0E5A5BE-79BA-47DB-BFA3-9B517CD7D9F4}</PartnerGuid><Attributes>20</Attributes><NewName>New Text Document-{B2811D2C-C808-4611-A236-B8A39F25F44C}-v72.txt</NewName><Time>GMT 2025:5:29-11:25:50</Time><Type><FileDelete/></Type><Files>1</Files><Size>3752</Size></Resource>
<Resource><Path>\\.\C:\Bread-Makers File\Information Department\.xlsx</Path><Uid>{B2811D2C-C808-4611-A236-B8A39F25F44C}-v79</Uid><Gvsn>{B2811D2C-C808-4611-A236-B8A39F25F44C}-v80</Gvsn><PartnerGuid>{B0E5A5BE-79BA-47DB-BFA3-9B517CD7D9F4}</PartnerGuid><Attributes>20</Attributes><NewName>.xlsx-{B2811D2C-C808-4611-A236-B8A39F25F44C}-v80.xlsx</NewName><Time>GMT 2025:5:29-11:30:52</Time><Type><FileDelete/></Type><Files>1</Files><Size>10295</Size></Resource>
</ConflictAndDeletedManifest>
